title,price,rating,review_number,url,Fecha
"Samsung Galaxy A54 5G Dual Sim 128GB Awesome Violet 8GB Ram Desbloqueado 6.4""",5499.00,4.3 de 5 estrellas,46 calificaciones,https://www.amazon.com.mx/Samsung-Galaxy-Awesome-Violet-Desbloqueado/dp/B0C3K5XZPF/ref=sr_1_1?__mk_es_MX=%C3%85M%C3%85%C5%BD%C3%95%C3%91&dib=eyJ2IjoiMSJ9.TRtpucmHU8comcGr5IGAEuC4sjBHQ5bDkgT_vX8SEddodJEiXo0PYZwlQTH-5yXB8-ltwZ5ce41yXqGo0pSCN0v-vfaIQx7RKb19mS5jGgXOC6-BvuGMrgtlayKTbTsbxtT9k6rUVyVkSvaSQOzPGIiJLcN9K0q1bvrrQQSz1Ay93VaSWSCU9qr4fVYQUPkzmr-x5uqvgMfrc3z6xx68szZESJ55czWc3tP_JxoqtD6WvrjupL63H6quCGGAlRlYyVTnUDt8o1FgbsjB4QK2NQ9nLkMpFSiRniR2Hy5xZzo.4yhDlkqHwHuwWENNFQR7P2qWSHe_32GRH8WrGAgB_Ag&dib_tag=se&keywords=samsung+a54+desbloqueado&qid=1714018770&s=electronics&sr=1-1&ufe=app_do%3Aamzn1.fos.4e545b5e-1d45-498b-8193-a253464ffa47,2024-04-24
"Samsung Galaxy A54 5G Dual Sim 128GB Awesome Graphite 8GB Ram Desbloqueado 6.4""",5799.00,4.4 de 5 estrellas,59 calificaciones,https://www.amazon.com.mx/Samsung-Galaxy-Awesome-Graphite-Desbloqueado/dp/B0C3JX1BPT/ref=sr_1_2?__mk_es_MX=%C3%85M%C3%85%C5%BD%C3%95%C3%91&dib=eyJ2IjoiMSJ9.TRtpucmHU8comcGr5IGAEuC4sjBHQ5bDkgT_vX8SEddodJEiXo0PYZwlQTH-5yXB8-ltwZ5ce41yXqGo0pSCN0v-vfaIQx7RKb19mS5jGgXOC6-BvuGMrgtlayKTbTsbxtT9k6rUVyVkSvaSQOzPGIiJLcN9K0q1bvrrQQSz1Ay93VaSWSCU9qr4fVYQUPkzmr-x5uqvgMfrc3z6xx68szZESJ55czWc3tP_JxoqtD6WvrjupL63H6quCGGAlRlYyVTnUDt8o1FgbsjB4QK2NQ9nLkMpFSiRniR2Hy5xZzo.4yhDlkqHwHuwWENNFQR7P2qWSHe_32GRH8WrGAgB_Ag&dib_tag=se&keywords=samsung+a54+desbloqueado&qid=1714018770&s=electronics&sr=1-2&ufe=app_do%3Aamzn1.fos.4e545b5e-1d45-498b-8193-a253464ffa47,2024-04-24
SAMSUNG Galaxy A54 5G Verde,Página 1 1,4.4 de 5 estrellas,444 calificaciones,https://www.amazon.com.mx/SAMSUNG-Galaxy-A54-5G-Verde/dp/B0BYMRY1SP/ref=sr_1_3?__mk_es_MX=%C3%85M%C3%85%C5%BD%C3%95%C3%91&dib=eyJ2IjoiMSJ9.TRtpucmHU8comcGr5IGAEuC4sjBHQ5bDkgT_vX8SEddodJEiXo0PYZwlQTH-5yXB8-ltwZ5ce41yXqGo0pSCN0v-vfaIQx7RKb19mS5jGgXOC6-BvuGMrgtlayKTbTsbxtT9k6rUVyVkSvaSQOzPGIiJLcN9K0q1bvrrQQSz1Ay93VaSWSCU9qr4fVYQUPkzmr-x5uqvgMfrc3z6xx68szZESJ55czWc3tP_JxoqtD6WvrjupL63H6quCGGAlRlYyVTnUDt8o1FgbsjB4QK2NQ9nLkMpFSiRniR2Hy5xZzo.4yhDlkqHwHuwWENNFQR7P2qWSHe_32GRH8WrGAgB_Ag&dib_tag=se&keywords=samsung+a54+desbloqueado&qid=1714018770&s=electronics&sr=1-3,2024-04-24
"Yostyle 2 Pack Cargador Tipo C de 25W,Cargador USB C Carga Rápida con Cable C-C de 1.8M Compatible con Phone 15 Serie/Galaxy S23/S23 Ultra/Teléfonos Móviles con Conectores de Tipo C-Negro",239.00,4.3 de 5 estrellas,15 calificaciones,https://aax-us-iad.amazon.com/x/c/RCQTDCpzj3np-kctCm_yzTkAAAGPE3rcxwEAAAH2AQBvbm9fdHhuX2JpZDQgICBvbm9fdHhuX2ltcDEgICA_VyRm/https://www.amazon.com.mx/Yostyle-Cargador-Compatible-Tel%C3%A9fonos-Conectores/dp/B0CLGQFX73/ref=sxin_15_sbv_search_btf?__mk_es_MX=%C3%85M%C3%85%C5%BD%C3%95%C3%91&content-id=amzn1.sym.f171aa4a-2272-41ca-82b6-f3772abea3e9%3Aamzn1.sym.f171aa4a-2272-41ca-82b6-f3772abea3e9&cv_ct_cx=samsung+a54+desbloqueado&dib=eyJ2IjoiMSJ9.azBgpdThibXuYJWQhqyB2w.etSWn-65hPzGfdb8_uNTT4PTrLchO-iRzKGYqWhLLaA&dib_tag=se&keywords=samsung+a54+desbloqueado&pd_rd_i=B0CLGQFX73&pd_rd_r=b465265d-5c41-46d3-a052-b073ea8622a3&pd_rd_w=LtvUA&pd_rd_wg=qObZu&pf_rd_p=f171aa4a-2272-41ca-82b6-f3772abea3e9&pf_rd_r=9DQMPQHYHNMEMGPZ1PVK&qid=1714018770&s=electronics&sbo=RZvfv%2F%2FHxDF%2BO5021pAnSA%3D%3D&sr=1-1-b8f34313-536f-475f-9207-a7c427a641c1&ufe=app_do%3Aamzn1.fos.4e545b5e-1d45-498b-8193-a253464ffa47,2024-04-24
"Samsung Galaxy A54 5G Dual Sim 128GB Awesome White 8GB Ram Desbloqueado 6.4""",5996.81,4.5 de 5 estrellas,14 calificaciones,https://www.amazon.com.mx/Samsung-Galaxy-128GB-Awesome-Desbloqueado/dp/B0C3JFVY94/ref=sr_1_4?__mk_es_MX=%C3%85M%C3%85%C5%BD%C3%95%C3%91&dib=eyJ2IjoiMSJ9.TRtpucmHU8comcGr5IGAEuC4sjBHQ5bDkgT_vX8SEddodJEiXo0PYZwlQTH-5yXB8-ltwZ5ce41yXqGo0pSCN0v-vfaIQx7RKb19mS5jGgXOC6-BvuGMrgtlayKTbTsbxtT9k6rUVyVkSvaSQOzPGIiJLcN9K0q1bvrrQQSz1Ay93VaSWSCU9qr4fVYQUPkzmr-x5uqvgMfrc3z6xx68szZESJ55czWc3tP_JxoqtD6WvrjupL63H6quCGGAlRlYyVTnUDt8o1FgbsjB4QK2NQ9nLkMpFSiRniR2Hy5xZzo.4yhDlkqHwHuwWENNFQR7P2qWSHe_32GRH8WrGAgB_Ag&dib_tag=se&keywords=samsung+a54+desbloqueado&qid=1714018770&s=electronics&sr=1-4,2024-04-24
SAMSUNG Galaxy A54 5G Negro,6324.00,4.6 de 5 estrellas,628 calificaciones,https://www.amazon.com.mx/SAMSUNG-Galaxy-A54-5G-Negro/dp/B0BWPRVM3R/ref=sr_1_5?__mk_es_MX=%C3%85M%C3%85%C5%BD%C3%95%C3%91&dib=eyJ2IjoiMSJ9.TRtpucmHU8comcGr5IGAEuC4sjBHQ5bDkgT_vX8SEddodJEiXo0PYZwlQTH-5yXB8-ltwZ5ce41yXqGo0pSCN0v-vfaIQx7RKb19mS5jGgXOC6-BvuGMrgtlayKTbTsbxtT9k6rUVyVkSvaSQOzPGIiJLcN9K0q1bvrrQQSz1Ay93VaSWSCU9qr4fVYQUPkzmr-x5uqvgMfrc3z6xx68szZESJ55czWc3tP_JxoqtD6WvrjupL63H6quCGGAlRlYyVTnUDt8o1FgbsjB4QK2NQ9nLkMpFSiRniR2Hy5xZzo.4yhDlkqHwHuwWENNFQR7P2qWSHe_32GRH8WrGAgB_Ag&dib_tag=se&keywords=samsung+a54+desbloqueado&qid=1714018770&s=electronics&sr=1-5,2024-04-24
"Samsung Galaxy A54 5G Dual Sim 128GB Awesome Graphite 8GB Ram Desbloqueado 6.4"" Distintos Colores (Violet)",5880.00,,,https://www.amazon.com.mx/Samsung-Awesome-Graphite-Desbloqueado-Distintos/dp/B0CSWXGPX9/ref=sr_1_6?__mk_es_MX=%C3%85M%C3%85%C5%BD%C3%95%C3%91&dib=eyJ2IjoiMSJ9.TRtpucmHU8comcGr5IGAEuC4sjBHQ5bDkgT_vX8SEddodJEiXo0PYZwlQTH-5yXB8-ltwZ5ce41yXqGo0pSCN0v-vfaIQx7RKb19mS5jGgXOC6-BvuGMrgtlayKTbTsbxtT9k6rUVyVkSvaSQOzPGIiJLcN9K0q1bvrrQQSz1Ay93VaSWSCU9qr4fVYQUPkzmr-x5uqvgMfrc3z6xx68szZESJ55czWc3tP_JxoqtD6WvrjupL63H6quCGGAlRlYyVTnUDt8o1FgbsjB4QK2NQ9nLkMpFSiRniR2Hy5xZzo.4yhDlkqHwHuwWENNFQR7P2qWSHe_32GRH8WrGAgB_Ag&dib_tag=se&keywords=samsung+a54+desbloqueado&qid=1714018770&s=electronics&sr=1-6&ufe=app_do%3Aamzn1.fos.4e545b5e-1d45-498b-8193-a253464ffa47,2024-04-24
"Samsung Galaxy A54 5G Dual Sim 256GB 8GB Ram Desbloqueado 6.4"" Distintos Colores (Lime)",6800.00,4.6 de 5 estrellas,3 calificaciones,https://www.amazon.com.mx/Samsung-Galaxy-Desbloqueado-Distintos-Colores/dp/B0CSWY9BZK/ref=sr_1_7?__mk_es_MX=%C3%85M%C3%85%C5%BD%C3%95%C3%91&dib=eyJ2IjoiMSJ9.TRtpucmHU8comcGr5IGAEuC4sjBHQ5bDkgT_vX8SEddodJEiXo0PYZwlQTH-5yXB8-ltwZ5ce41yXqGo0pSCN0v-vfaIQx7RKb19mS5jGgXOC6-BvuGMrgtlayKTbTsbxtT9k6rUVyVkSvaSQOzPGIiJLcN9K0q1bvrrQQSz1Ay93VaSWSCU9qr4fVYQUPkzmr-x5uqvgMfrc3z6xx68szZESJ55czWc3tP_JxoqtD6WvrjupL63H6quCGGAlRlYyVTnUDt8o1FgbsjB4QK2NQ9nLkMpFSiRniR2Hy5xZzo.4yhDlkqHwHuwWENNFQR7P2qWSHe_32GRH8WrGAgB_Ag&dib_tag=se&keywords=samsung+a54+desbloqueado&qid=1714018770&s=electronics&sr=1-7&ufe=app_do%3Aamzn1.fos.4e545b5e-1d45-498b-8193-a253464ffa47,2024-04-24
"SAMSUNG Galaxy A54 5G (128 GB, 6 GB) 6.4 pulgadas 120Hz AMOLED, 50MP 4K triple cámara, 5G / 4G Volte (totalmente desbloqueado para AT&T, T-Mobile, Verizon, Global) A546U1 (con tarjeta SD de 256 GB,",5996.81,5.0 de 5 estrellas,1 calificación,https://www.amazon.com.mx/SAMSUNG-pulgadas-totalmente-desbloqueado-T-Mobile/dp/B0CV4KLBWH/ref=sr_1_8?__mk_es_MX=%C3%85M%C3%85%C5%BD%C3%95%C3%91&dib=eyJ2IjoiMSJ9.TRtpucmHU8comcGr5IGAEuC4sjBHQ5bDkgT_vX8SEddodJEiXo0PYZwlQTH-5yXB8-ltwZ5ce41yXqGo0pSCN0v-vfaIQx7RKb19mS5jGgXOC6-BvuGMrgtlayKTbTsbxtT9k6rUVyVkSvaSQOzPGIiJLcN9K0q1bvrrQQSz1Ay93VaSWSCU9qr4fVYQUPkzmr-x5uqvgMfrc3z6xx68szZESJ55czWc3tP_JxoqtD6WvrjupL63H6quCGGAlRlYyVTnUDt8o1FgbsjB4QK2NQ9nLkMpFSiRniR2Hy5xZzo.4yhDlkqHwHuwWENNFQR7P2qWSHe_32GRH8WrGAgB_Ag&dib_tag=se&keywords=samsung+a54+desbloqueado&qid=1714018770&s=electronics&sr=1-8,2024-04-24
SAMSUNG Galaxy A54 8+256GB Verde,6890.00,4.6 de 5 estrellas,413 calificaciones,https://www.amazon.com.mx/SAMSUNG-Galaxy-A54-256GB-Verde/dp/B0C2GJRNLG/ref=sr_1_9?__mk_es_MX=%C3%85M%C3%85%C5%BD%C3%95%C3%91&dib=eyJ2IjoiMSJ9.TRtpucmHU8comcGr5IGAEuC4sjBHQ5bDkgT_vX8SEddodJEiXo0PYZwlQTH-5yXB8-ltwZ5ce41yXqGo0pSCN0v-vfaIQx7RKb19mS5jGgXOC6-BvuGMrgtlayKTbTsbxtT9k6rUVyVkSvaSQOzPGIiJLcN9K0q1bvrrQQSz1Ay93VaSWSCU9qr4fVYQUPkzmr-x5uqvgMfrc3z6xx68szZESJ55czWc3tP_JxoqtD6WvrjupL63H6quCGGAlRlYyVTnUDt8o1FgbsjB4QK2NQ9nLkMpFSiRniR2Hy5xZzo.4yhDlkqHwHuwWENNFQR7P2qWSHe_32GRH8WrGAgB_Ag&dib_tag=se&keywords=samsung+a54+desbloqueado&qid=1714018770&s=electronics&sr=1-9&ufe=app_do%3Aamzn1.fos.4e545b5e-1d45-498b-8193-a253464ffa47,2024-04-24
"SAMSUNG Galaxy A54 5G + 4G Lte (128Gb + 8Gb) Desbloqueado Dual Sim (Solo T-Mobile/Mint/Metro Usa Market) 1 Año Latinoamérica 6.4"" 120Hz 50Mp Triple Cam + (Cargador 25W) Violeta Impresionante (Sm-A546M",6856.27,4.4 de 5 estrellas,"2,201 calificaciones",https://www.amazon.com.mx/SAMSUNG-Desbloqueado-T-Mobile-Latinoam%C3%A9rica-Impresionante/dp/B0BYMQ53WR/ref=sr_1_10?__mk_es_MX=%C3%85M%C3%85%C5%BD%C3%95%C3%91&dib=eyJ2IjoiMSJ9.TRtpucmHU8comcGr5IGAEuC4sjBHQ5bDkgT_vX8SEddodJEiXo0PYZwlQTH-5yXB8-ltwZ5ce41yXqGo0pSCN0v-vfaIQx7RKb19mS5jGgXOC6-BvuGMrgtlayKTbTsbxtT9k6rUVyVkSvaSQOzPGIiJLcN9K0q1bvrrQQSz1Ay93VaSWSCU9qr4fVYQUPkzmr-x5uqvgMfrc3z6xx68szZESJ55czWc3tP_JxoqtD6WvrjupL63H6quCGGAlRlYyVTnUDt8o1FgbsjB4QK2NQ9nLkMpFSiRniR2Hy5xZzo.4yhDlkqHwHuwWENNFQR7P2qWSHe_32GRH8WrGAgB_Ag&dib_tag=se&keywords=samsung+a54+desbloqueado&qid=1714018770&s=electronics&sr=1-10&ufe=app_do%3Aamzn1.fos.4e545b5e-1d45-498b-8193-a253464ffa47,2024-04-24
SAMSUNG Celular Galaxy M34 5G 128GB Azul Obscuro,3499.00,4.6 de 5 estrellas,14 calificaciones,https://www.amazon.com.mx/SAMSUNG-Celular-Galaxy-128GB-Obscuro/dp/B0CKBPKSDT/ref=sr_1_11?__mk_es_MX=%C3%85M%C3%85%C5%BD%C3%95%C3%91&dib=eyJ2IjoiMSJ9.TRtpucmHU8comcGr5IGAEuC4sjBHQ5bDkgT_vX8SEddodJEiXo0PYZwlQTH-5yXB8-ltwZ5ce41yXqGo0pSCN0v-vfaIQx7RKb19mS5jGgXOC6-BvuGMrgtlayKTbTsbxtT9k6rUVyVkSvaSQOzPGIiJLcN9K0q1bvrrQQSz1Ay93VaSWSCU9qr4fVYQUPkzmr-x5uqvgMfrc3z6xx68szZESJ55czWc3tP_JxoqtD6WvrjupL63H6quCGGAlRlYyVTnUDt8o1FgbsjB4QK2NQ9nLkMpFSiRniR2Hy5xZzo.4yhDlkqHwHuwWENNFQR7P2qWSHe_32GRH8WrGAgB_Ag&dib_tag=se&keywords=samsung+a54+desbloqueado&qid=1714018770&s=electronics&sr=1-11&ufe=app_do%3Aamzn1.fos.a9e70178-7411-4f75-8d83-e6796a165895,2024-04-24
"Samsung Galaxy A53 5G, 128GB, desbloqueado, color negro (Reacondicionado)",3619.43,3.8 de 5 estrellas,172 calificaciones,https://www.amazon.com.mx/Galaxy-A53-5G-128GB-Desbloqueado/dp/B0B6997TLM/ref=sr_1_12?__mk_es_MX=%C3%85M%C3%85%C5%BD%C3%95%C3%91&dib=eyJ2IjoiMSJ9.TRtpucmHU8comcGr5IGAEuC4sjBHQ5bDkgT_vX8SEddodJEiXo0PYZwlQTH-5yXB8-ltwZ5ce41yXqGo0pSCN0v-vfaIQx7RKb19mS5jGgXOC6-BvuGMrgtlayKTbTsbxtT9k6rUVyVkSvaSQOzPGIiJLcN9K0q1bvrrQQSz1Ay93VaSWSCU9qr4fVYQUPkzmr-x5uqvgMfrc3z6xx68szZESJ55czWc3tP_JxoqtD6WvrjupL63H6quCGGAlRlYyVTnUDt8o1FgbsjB4QK2NQ9nLkMpFSiRniR2Hy5xZzo.4yhDlkqHwHuwWENNFQR7P2qWSHe_32GRH8WrGAgB_Ag&dib_tag=se&keywords=samsung+a54+desbloqueado&qid=1714018770&s=electronics&sr=1-12,2024-04-24
"Motorola Moto G54 - Celular 256GB Memoria, 8GB de RAM, Cámara 50MP, FHD+ 6.5 Pulgadas, Celular Desbloqueado Nacional, 1 Año de Garantía - Azul",3079.00,4.1 de 5 estrellas,28 calificaciones,https://www.amazon.com.mx/Motorola-Moto-G54-Pulgadas-Desbloqueado/dp/B00ORVC7XQ/ref=sr_1_13?__mk_es_MX=%C3%85M%C3%85%C5%BD%C3%95%C3%91&dib=eyJ2IjoiMSJ9.TRtpucmHU8comcGr5IGAEuC4sjBHQ5bDkgT_vX8SEddodJEiXo0PYZwlQTH-5yXB8-ltwZ5ce41yXqGo0pSCN0v-vfaIQx7RKb19mS5jGgXOC6-BvuGMrgtlayKTbTsbxtT9k6rUVyVkSvaSQOzPGIiJLcN9K0q1bvrrQQSz1Ay93VaSWSCU9qr4fVYQUPkzmr-x5uqvgMfrc3z6xx68szZESJ55czWc3tP_JxoqtD6WvrjupL63H6quCGGAlRlYyVTnUDt8o1FgbsjB4QK2NQ9nLkMpFSiRniR2Hy5xZzo.4yhDlkqHwHuwWENNFQR7P2qWSHe_32GRH8WrGAgB_Ag&dib_tag=se&keywords=samsung+a54+desbloqueado&qid=1714018770&s=electronics&sr=1-13&ufe=app_do%3Aamzn1.fos.628a2120-cf12-4882-b7cf-30e681beb181,2024-04-24
"SAMSUNG Galaxy A54 5G (128GB, 6GB) 6.4 pulgadas 120Hz AMOLED, 50MP 4K triple cámara, US 5G / Global 4G Volte (GSM desbloqueado para AT&T, T-Mobile, Metro, Global) A546U (con 256GB SD, impresionante negro) (reacondicionado)",5813.84,4.0 de 5 estrellas,55 calificaciones,https://www.amazon.com.mx/SAMSUNG-Galaxy-A54-impresionante-reacondicionado/dp/B0C95JB5SL/ref=sr_1_14?__mk_es_MX=%C3%85M%C3%85%C5%BD%C3%95%C3%91&dib=eyJ2IjoiMSJ9.TRtpucmHU8comcGr5IGAEuC4sjBHQ5bDkgT_vX8SEddodJEiXo0PYZwlQTH-5yXB8-ltwZ5ce41yXqGo0pSCN0v-vfaIQx7RKb19mS5jGgXOC6-BvuGMrgtlayKTbTsbxtT9k6rUVyVkSvaSQOzPGIiJLcN9K0q1bvrrQQSz1Ay93VaSWSCU9qr4fVYQUPkzmr-x5uqvgMfrc3z6xx68szZESJ55czWc3tP_JxoqtD6WvrjupL63H6quCGGAlRlYyVTnUDt8o1FgbsjB4QK2NQ9nLkMpFSiRniR2Hy5xZzo.4yhDlkqHwHuwWENNFQR7P2qWSHe_32GRH8WrGAgB_Ag&dib_tag=se&keywords=samsung+a54+desbloqueado&qid=1714018770&s=electronics&sr=1-14,2024-04-24
"Desbloqueado Teléfono Inteligente, 5.45in 1+8GB 128GB Almacenamiento Expandible Pantalla HD Teléfono Tarjeta Dual Doble Modo espera Teléfono Celular Android Reconocimiento Facial Teléfono Móvil(Oro)",1171.17,2.5 de 5 estrellas,88 calificaciones,https://www.amazon.com.mx/sspa/click?ie=UTF8&spc=MTo0Njg3NTQ0MjM4ODAxMTE1OjE3MTQwMTg3NzA6c3BfbXRmOjMwMDE1Njc1MjYzMzQwMjo6MDo6&url=%2FDesbloqueado-Inteligente-Almacenamiento-Expandible-Reconocimiento%2Fdp%2FB08XLX3DPB%2Fref%3Dsr_1_15_sspa%3F__mk_es_MX%3D%25C3%2585M%25C3%2585%25C5%25BD%25C3%2595%25C3%2591%26dib%3DeyJ2IjoiMSJ9.TRtpucmHU8comcGr5IGAEuC4sjBHQ5bDkgT_vX8SEddodJEiXo0PYZwlQTH-5yXB8-ltwZ5ce41yXqGo0pSCN0v-vfaIQx7RKb19mS5jGgXOC6-BvuGMrgtlayKTbTsbxtT9k6rUVyVkSvaSQOzPGIiJLcN9K0q1bvrrQQSz1Ay93VaSWSCU9qr4fVYQUPkzmr-x5uqvgMfrc3z6xx68szZESJ55czWc3tP_JxoqtD6WvrjupL63H6quCGGAlRlYyVTnUDt8o1FgbsjB4QK2NQ9nLkMpFSiRniR2Hy5xZzo.4yhDlkqHwHuwWENNFQR7P2qWSHe_32GRH8WrGAgB_Ag%26dib_tag%3Dse%26keywords%3Dsamsung%2Ba54%2Bdesbloqueado%26qid%3D1714018770%26s%3Delectronics%26sr%3D1-15-spons%26ufe%3Dapp_do%253Aamzn1.fos.4e545b5e-1d45-498b-8193-a253464ffa47%26sp_csd%3Dd2lkZ2V0TmFtZT1zcF9tdGY%26psc%3D1,2024-04-24
SAMSUNG Galaxy A54 5G Blanco,6750.32,4.4 de 5 estrellas,515 calificaciones,https://www.amazon.com.mx/SAMSUNG-Galaxy-A54-5G-Blanco/dp/B0BYMTL2WB/ref=sr_1_16?__mk_es_MX=%C3%85M%C3%85%C5%BD%C3%95%C3%91&dib=eyJ2IjoiMSJ9.TRtpucmHU8comcGr5IGAEuC4sjBHQ5bDkgT_vX8SEddodJEiXo0PYZwlQTH-5yXB8-ltwZ5ce41yXqGo0pSCN0v-vfaIQx7RKb19mS5jGgXOC6-BvuGMrgtlayKTbTsbxtT9k6rUVyVkSvaSQOzPGIiJLcN9K0q1bvrrQQSz1Ay93VaSWSCU9qr4fVYQUPkzmr-x5uqvgMfrc3z6xx68szZESJ55czWc3tP_JxoqtD6WvrjupL63H6quCGGAlRlYyVTnUDt8o1FgbsjB4QK2NQ9nLkMpFSiRniR2Hy5xZzo.4yhDlkqHwHuwWENNFQR7P2qWSHe_32GRH8WrGAgB_Ag&dib_tag=se&keywords=samsung+a54+desbloqueado&qid=1714018770&s=electronics&sr=1-16&ufe=app_do%3Aamzn1.fos.4e545b5e-1d45-498b-8193-a253464ffa47,2024-04-24
SAMSUNG Galaxy A54 5G 6+128GB Blanco,6665.77,4.4 de 5 estrellas,87 calificaciones,https://www.amazon.com.mx/SAMSUNG-Galaxy-A54-128GB-Blanco/dp/B0BY3FDC4F/ref=sr_1_17?__mk_es_MX=%C3%85M%C3%85%C5%BD%C3%95%C3%91&dib=eyJ2IjoiMSJ9.TRtpucmHU8comcGr5IGAEuC4sjBHQ5bDkgT_vX8SEddodJEiXo0PYZwlQTH-5yXB8-ltwZ5ce41yXqGo0pSCN0v-vfaIQx7RKb19mS5jGgXOC6-BvuGMrgtlayKTbTsbxtT9k6rUVyVkSvaSQOzPGIiJLcN9K0q1bvrrQQSz1Ay93VaSWSCU9qr4fVYQUPkzmr-x5uqvgMfrc3z6xx68szZESJ55czWc3tP_JxoqtD6WvrjupL63H6quCGGAlRlYyVTnUDt8o1FgbsjB4QK2NQ9nLkMpFSiRniR2Hy5xZzo.4yhDlkqHwHuwWENNFQR7P2qWSHe_32GRH8WrGAgB_Ag&dib_tag=se&keywords=samsung+a54+desbloqueado&qid=1714018770&s=electronics&sr=1-17&ufe=app_do%3Aamzn1.fos.4e545b5e-1d45-498b-8193-a253464ffa47,2024-04-24
"SAMSUNG Galaxy A34 5G, 6 Gb Ram, 128 Gb Almacenamiento, Color Verde",4099.00,4.6 de 5 estrellas,320 calificaciones,https://www.amazon.com.mx/SAMSUNG-Galaxy-Almacenamiento-Color-Verde/dp/B0BWPZJMVX/ref=sr_1_18?__mk_es_MX=%C3%85M%C3%85%C5%BD%C3%95%C3%91&dib=eyJ2IjoiMSJ9.TRtpucmHU8comcGr5IGAEuC4sjBHQ5bDkgT_vX8SEddodJEiXo0PYZwlQTH-5yXB8-ltwZ5ce41yXqGo0pSCN0v-vfaIQx7RKb19mS5jGgXOC6-BvuGMrgtlayKTbTsbxtT9k6rUVyVkSvaSQOzPGIiJLcN9K0q1bvrrQQSz1Ay93VaSWSCU9qr4fVYQUPkzmr-x5uqvgMfrc3z6xx68szZESJ55czWc3tP_JxoqtD6WvrjupL63H6quCGGAlRlYyVTnUDt8o1FgbsjB4QK2NQ9nLkMpFSiRniR2Hy5xZzo.4yhDlkqHwHuwWENNFQR7P2qWSHe_32GRH8WrGAgB_Ag&dib_tag=se&keywords=samsung+a54+desbloqueado&qid=1714018770&s=electronics&sr=1-18&ufe=app_do%3Aamzn1.fos.628a2120-cf12-4882-b7cf-30e681beb181,2024-04-24
"SAMSUNG Galaxy Z Flip 4 - Desbloqueado de fábrica de 256 GB, edición a medida, negro/verde/verde (reacondicionado)",7621.84,4.2 de 5 estrellas,675 calificaciones,https://www.amazon.com.mx/SAMSUNG-Galaxy-Flip-Desbloqueado-reacondicionado/dp/B0BTMYXHC5/ref=sr_1_19?__mk_es_MX=%C3%85M%C3%85%C5%BD%C3%95%C3%91&dib=eyJ2IjoiMSJ9.TRtpucmHU8comcGr5IGAEuC4sjBHQ5bDkgT_vX8SEddodJEiXo0PYZwlQTH-5yXB8-ltwZ5ce41yXqGo0pSCN0v-vfaIQx7RKb19mS5jGgXOC6-BvuGMrgtlayKTbTsbxtT9k6rUVyVkSvaSQOzPGIiJLcN9K0q1bvrrQQSz1Ay93VaSWSCU9qr4fVYQUPkzmr-x5uqvgMfrc3z6xx68szZESJ55czWc3tP_JxoqtD6WvrjupL63H6quCGGAlRlYyVTnUDt8o1FgbsjB4QK2NQ9nLkMpFSiRniR2Hy5xZzo.4yhDlkqHwHuwWENNFQR7P2qWSHe_32GRH8WrGAgB_Ag&dib_tag=se&keywords=samsung+a54+desbloqueado&qid=1714018770&s=electronics&sr=1-19,2024-04-24
SAMSUNG Galaxy A54 5G Negro (Reacondicionado),6324.00,5.0 de 5 estrellas,1 calificación,https://www.amazon.com.mx/SAMSUNG-Galaxy-A54-Negro-Reacondicionado/dp/B0C48GZD5Q/ref=sr_1_20?__mk_es_MX=%C3%85M%C3%85%C5%BD%C3%95%C3%91&dib=eyJ2IjoiMSJ9.TRtpucmHU8comcGr5IGAEuC4sjBHQ5bDkgT_vX8SEddodJEiXo0PYZwlQTH-5yXB8-ltwZ5ce41yXqGo0pSCN0v-vfaIQx7RKb19mS5jGgXOC6-BvuGMrgtlayKTbTsbxtT9k6rUVyVkSvaSQOzPGIiJLcN9K0q1bvrrQQSz1Ay93VaSWSCU9qr4fVYQUPkzmr-x5uqvgMfrc3z6xx68szZESJ55czWc3tP_JxoqtD6WvrjupL63H6quCGGAlRlYyVTnUDt8o1FgbsjB4QK2NQ9nLkMpFSiRniR2Hy5xZzo.4yhDlkqHwHuwWENNFQR7P2qWSHe_32GRH8WrGAgB_Ag&dib_tag=se&keywords=samsung+a54+desbloqueado&qid=1714018770&s=electronics&sr=1-20,2024-04-24
"SAMSUNG A54 5g Light Violet / 8+256gb / 6.4/‘ Amoled 120hz Full HD+, SM-A546BLVDEUB",7691.66,4.5 de 5 estrellas,37 calificaciones,https://www.amazon.com.mx/SAMSUNG-Light-Violet-Amoled-SM-A546BLVDEUB/dp/B0BYMPSBSQ/ref=sr_1_21?__mk_es_MX=%C3%85M%C3%85%C5%BD%C3%95%C3%91&dib=eyJ2IjoiMSJ9.TRtpucmHU8comcGr5IGAEuC4sjBHQ5bDkgT_vX8SEddodJEiXo0PYZwlQTH-5yXB8-ltwZ5ce41yXqGo0pSCN0v-vfaIQx7RKb19mS5jGgXOC6-BvuGMrgtlayKTbTsbxtT9k6rUVyVkSvaSQOzPGIiJLcN9K0q1bvrrQQSz1Ay93VaSWSCU9qr4fVYQUPkzmr-x5uqvgMfrc3z6xx68szZESJ55czWc3tP_JxoqtD6WvrjupL63H6quCGGAlRlYyVTnUDt8o1FgbsjB4QK2NQ9nLkMpFSiRniR2Hy5xZzo.4yhDlkqHwHuwWENNFQR7P2qWSHe_32GRH8WrGAgB_Ag&dib_tag=se&keywords=samsung+a54+desbloqueado&qid=1714018770&s=electronics&sr=1-21&ufe=app_do%3Aamzn1.fos.4e545b5e-1d45-498b-8193-a253464ffa47,2024-04-24
"SAMSUNG Galaxy A05 Plateado, 4GB_64GB",1761.00,4.5 de 5 estrellas,10 calificaciones,https://www.amazon.com.mx/SAMSUNG-Galaxy-A05-Plateado-4GB_64GB/dp/B0CPL2X8ZV/ref=sr_1_22?__mk_es_MX=%C3%85M%C3%85%C5%BD%C3%95%C3%91&dib=eyJ2IjoiMSJ9.TRtpucmHU8comcGr5IGAEuC4sjBHQ5bDkgT_vX8SEddodJEiXo0PYZwlQTH-5yXB8-ltwZ5ce41yXqGo0pSCN0v-vfaIQx7RKb19mS5jGgXOC6-BvuGMrgtlayKTbTsbxtT9k6rUVyVkSvaSQOzPGIiJLcN9K0q1bvrrQQSz1Ay93VaSWSCU9qr4fVYQUPkzmr-x5uqvgMfrc3z6xx68szZESJ55czWc3tP_JxoqtD6WvrjupL63H6quCGGAlRlYyVTnUDt8o1FgbsjB4QK2NQ9nLkMpFSiRniR2Hy5xZzo.4yhDlkqHwHuwWENNFQR7P2qWSHe_32GRH8WrGAgB_Ag&dib_tag=se&keywords=samsung+a54+desbloqueado&qid=1714018770&s=electronics&sr=1-22&ufe=app_do%3Aamzn1.fos.4e545b5e-1d45-498b-8193-a253464ffa47,2024-04-24
"Samsung - Galaxy S21 FE Teléfono celular 5G, smartphone Android desbloqueado de fábrica, 128 GB, pantalla 120 Hz, cámara profesional, batería inteligente para todo el día, lavanda (reacondicionado)",4436.35,4.1 de 5 estrellas,869 calificaciones,https://www.amazon.com.mx/Samsung-desbloqueado-profesional-inteligente-reacondicionado/dp/B09SJ3971F/ref=sr_1_23?__mk_es_MX=%C3%85M%C3%85%C5%BD%C3%95%C3%91&dib=eyJ2IjoiMSJ9.TRtpucmHU8comcGr5IGAEuC4sjBHQ5bDkgT_vX8SEddodJEiXo0PYZwlQTH-5yXB8-ltwZ5ce41yXqGo0pSCN0v-vfaIQx7RKb19mS5jGgXOC6-BvuGMrgtlayKTbTsbxtT9k6rUVyVkSvaSQOzPGIiJLcN9K0q1bvrrQQSz1Ay93VaSWSCU9qr4fVYQUPkzmr-x5uqvgMfrc3z6xx68szZESJ55czWc3tP_JxoqtD6WvrjupL63H6quCGGAlRlYyVTnUDt8o1FgbsjB4QK2NQ9nLkMpFSiRniR2Hy5xZzo.4yhDlkqHwHuwWENNFQR7P2qWSHe_32GRH8WrGAgB_Ag&dib_tag=se&keywords=samsung+a54+desbloqueado&qid=1714018770&s=electronics&sr=1-23,2024-04-24
SAMSUNG Galaxy A54 5G Violeta (Reacondicionado),7049.95,,,https://www.amazon.com.mx/SAMSUNG-Galaxy-A54-Violeta-Reacondicionado/dp/B0C5K33XXW/ref=sr_1_24?__mk_es_MX=%C3%85M%C3%85%C5%BD%C3%95%C3%91&dib=eyJ2IjoiMSJ9.TRtpucmHU8comcGr5IGAEuC4sjBHQ5bDkgT_vX8SEddodJEiXo0PYZwlQTH-5yXB8-ltwZ5ce41yXqGo0pSCN0v-vfaIQx7RKb19mS5jGgXOC6-BvuGMrgtlayKTbTsbxtT9k6rUVyVkSvaSQOzPGIiJLcN9K0q1bvrrQQSz1Ay93VaSWSCU9qr4fVYQUPkzmr-x5uqvgMfrc3z6xx68szZESJ55czWc3tP_JxoqtD6WvrjupL63H6quCGGAlRlYyVTnUDt8o1FgbsjB4QK2NQ9nLkMpFSiRniR2Hy5xZzo.4yhDlkqHwHuwWENNFQR7P2qWSHe_32GRH8WrGAgB_Ag&dib_tag=se&keywords=samsung+a54+desbloqueado&qid=1714018770&s=electronics&sr=1-24,2024-04-24
"SAMSUNG Galaxy S21+ Plus 5G, versión de EE. UU., 128 GB, Phantom Plata - Desbloqueado (renovado)",5193.18,4.0 de 5 estrellas,471 calificaciones,https://www.amazon.com.mx/SAMSUNG-Galaxy-S21-5G-versi%C3%B3n/dp/B08Z63QRD2/ref=sr_1_25?__mk_es_MX=%C3%85M%C3%85%C5%BD%C3%95%C3%91&dib=eyJ2IjoiMSJ9.TRtpucmHU8comcGr5IGAEuC4sjBHQ5bDkgT_vX8SEddodJEiXo0PYZwlQTH-5yXB8-ltwZ5ce41yXqGo0pSCN0v-vfaIQx7RKb19mS5jGgXOC6-BvuGMrgtlayKTbTsbxtT9k6rUVyVkSvaSQOzPGIiJLcN9K0q1bvrrQQSz1Ay93VaSWSCU9qr4fVYQUPkzmr-x5uqvgMfrc3z6xx68szZESJ55czWc3tP_JxoqtD6WvrjupL63H6quCGGAlRlYyVTnUDt8o1FgbsjB4QK2NQ9nLkMpFSiRniR2Hy5xZzo.4yhDlkqHwHuwWENNFQR7P2qWSHe_32GRH8WrGAgB_Ag&dib_tag=se&keywords=samsung+a54+desbloqueado&qid=1714018770&s=electronics&sr=1-25,2024-04-24
